asin,title,link,price_whole,price_fraction,rating,num_ratings
B095T14D4S,,,2601.,11,4.3 out of 5 stars,
B095T14D4S,,,,,,
B0C1LCYRJ9,,,3901.,83,4.1 out of 5 stars,
B0C1LCYRJ9,,,,,,
B0BTYCRJSS,,,650.,03,4.4 out of 5 stars,
B0BTYCRJSS,,,,,,
B0GHM7LCBV,,,741.,09,4.4 out of 5 stars,
B0GQS7SKRQ,,,454.,93,5.0 out of 5 stars,
B0FHWGB7FW,,,,,,
B0FH9LQH9W,,,,,,
B0CXGXT6W8,,,,,,
B0CSXV3GK4,,,,,,
B095T14D4S,,,,,,
B09DT48V16,,,25.,99,4.4 out of 5 stars.,
B09LD44NW6,,,25.,99,4.4 out of 5 stars.,
B09LD2D1TV,,,25.,99,4.4 out of 5 stars.,
B0CRTR3PMF,,,910.,18,4.4 out of 5 stars,
B0CRTR3PMF,,,,,,
B0GVM58Y2Y,,,585.,00,5.0 out of 5 stars,
B0GF8K5QBN,,,617.,52,4.6 out of 5 stars,
B0DGJ7HYG1,,,,,4.6 out of 5 stars,
B0FNWCYLZN,,,1202.,84,4.5 out of 5 stars,
B0FNWCYLZN,,,,,,
B0GVQZ4M5V,,,454.,60,4.4 out of 5 stars,
B0GVQZ4M5V,,,,,,
B0FHWGB7FW,,,715.,07,4.5 out of 5 stars,
B0FHWGB7FW,,,,,,
B0G1PJLWLZ,,,8129.,17,4.6 out of 5 stars,
B0G1PJLWLZ,,,,,,
B0GVM58Y2Y,,,585.,00,5.0 out of 5 stars,
B095T14D4S,,,2601.,11,4.3 out of 5 stars,
B095T14D4S,,,,,,
B0FHWKYT89,,,780.,11,4.5 out of 5 stars,
B0FHWKYT89,,,,,,
B0FH9LQH9W,,,714.,10,4.4 out of 5 stars,
B0FH9LQH9W,,,,,,
B0G8WSKP9W,,,646.,78,4.8 out of 5 stars,
B0G51VXQ3X,,,324.,53,4.8 out of 5 stars,
B0G51VXQ3X,,,,,,
B0GVGSP7DT,,,519.,96,4.7 out of 5 stars,
B0GF7Q673X,,,1495.,50,4.6 out of 5 stars,
B0GF7Q673X,,,,,,
B0GQYVSTH9,,,715.,07,4.8 out of 5 stars,
B0GQYVSTH9,,,,,,
B095T14D4S,,,2601.,11,4.3 out of 5 stars,
B095T14D4S,,,,,,
B0GVM58Y2Y,,,585.,00,5.0 out of 5 stars,
B0FH9LQH9W,,,714.,10,4.4 out of 5 stars,
B0FH9LQH9W,,,,,,
B0FHWGB7FW,,,715.,07,4.5 out of 5 stars,
B0FHWGB7FW,,,,,,
B0GQYVSTH9,,,715.,07,4.8 out of 5 stars,
B0GQYVSTH9,,,,,,
B0FHWGB7FW,,,715.,07,4.5 out of 5 stars,
B0FHWGB7FW,,,,,,
B09FLNSYDZ,,,845.,14,4.4 out of 5 stars,
B09FLNSYDZ,,,,,,
B0C2W1KLSS,,,,,4.1 out of 5 stars,
B0GSCXQYP9,,,2275.,93,4.7 out of 5 stars,Save 40%
B0GSCXQYP9,,,,,,
B0GQYVSTH9,,,715.,07,4.8 out of 5 stars,
B0GQYVSTH9,,,,,,
B095T14D4S,,,2601.,11,4.3 out of 5 stars,
B095T14D4S,,,,,,
B0GSDB69RT,,,3251.,47,5.0 out of 5 stars,
B0GSDB69RT,,,,,,
B0C1LCYRJ9,,,3901.,83,4.1 out of 5 stars,
B0C1LCYRJ9,,,,,,
B0FHWGB7FW,,,715.,07,4.5 out of 5 stars,
B0FHWGB7FW,,,,,,
B095T14D4S,,,,,,
B0GHFFCFRV,,,3901.,83,4.9 out of 5 stars,
B0GHFFCFRV,,,,,,
B0GSRXJ7ZR,,,650.,03,4.6 out of 5 stars,
B0CYNFWD2R,,,971.,64,4.1 out of 5 stars,Save 30%
B0CYNFWD2R,,,,,,
B0GY13NQWX,,,4096.,94,,
B0GY13NQWX,,,,,,
B0FNRXZV67,,,1609.,64,4.4 out of 5 stars,
B0FNRXZV67,,,,,,
B0GVM58Y2Y,,,585.,00,5.0 out of 5 stars,
B0FH9ST5MC,,,740.,43,4.4 out of 5 stars,
B0FH9ST5MC,,,,,,
B0GTV85M9L,,,617.,52,4.4 out of 5 stars,
B0GTV85M9L,,,,,,
B0GXJCXH4G,,,422.,41,4.4 out of 5 stars,
B0D5HG7TC3,,,524.,19,4.3 out of 5 stars,
B0D5HG7TC3,,,,,,
B0D44135S2,,,1137.,80,4.4 out of 5 stars,
B0D44135S2,,,,,,
B0GS1QXF36,,,617.,52,4.7 out of 5 stars,
B0C1QWWZR4,,,,,4.2 out of 5 stars,
B0FQFB8FMG,,,,,4.5 out of 5 stars,
B0DGHMNQ5Z,,,,,4.6 out of 5 stars,
B0CRTYZG5C,,,910.,18,4.4 out of 5 stars,
B0CRTYZG5C,,,,,,
B095T14D4S,,,2601.,11,4.3 out of 5 stars,
B095T14D4S,,,,,,
B0G5Z7T7Z9,,,812.,30,4.3 out of 5 stars,
B0G5Z7T7Z9,,,,,,
B08DJ34QQ2,,,1202.,84,4.4 out of 5 stars,
B08DJ34QQ2,,,,,,
B0F842TDDD,,,877.,66,4.6 out of 5 stars,
B0F842TDDD,,,,,,
B0GTQ8JH1V,,,1105.,29,4.5 out of 5 stars,
B0GTQ8JH1V,,,,,,
B0GQYVSTH9,,,715.,07,4.8 out of 5 stars,
B0GQYVSTH9,,,,,,
B0CRTYZG5C,,,910.,18,4.4 out of 5 stars,
B0CRTYZG5C,,,,,,
B0B1LVC5VZ,,,1788.,16,4.2 out of 5 stars,
B0B1LVC5VZ,,,,,,
B0CYNVP7GV,,,809.,05,4.4 out of 5 stars,Save 40%
B0CYNVP7GV,,,,,,
B0DT2344N3,,,,,4.2 out of 5 stars,
B09DKC2ZXP,,,1040.,25,4.3 out of 5 stars,
B09DKC2ZXP,,,,,,
B0CRTYZG5C,,,910.,18,4.4 out of 5 stars,
B0CRTYZG5C,,,,,,
B0FHWGB7FW,,,715.,07,4.5 out of 5 stars,
B0FHWGB7FW,,,,,,
B0GQYVSTH9,,,715.,07,4.8 out of 5 stars,
B0GQYVSTH9,,,,,,
B0GJ3CHQXZ,,,3219.,28,4.1 out of 5 stars,
B0GJ3CHQXZ,,,,,,
B095T14D4S,,,,,,
B0CQXG17RL,,,1364.,78,4.3 out of 5 stars,
B0CQXG17RL,,,,,,
B07J2Z5DBM,,,812.,62,4.3 out of 5 stars,
B07J2Z5DBM,,,,,,
B0CL8CJPVM,,,1950.,75,4.4 out of 5 stars,
B0CL8CJPVM,,,,,,
B0F2H7ZYR1,,,324.,85,4.3 out of 5 stars,
B0F2H7ZYR1,,,,,,
B0GSVCR6XR,,,3251.,47,4.9 out of 5 stars,Save 50%
B0GSVCR6XR,,,,,,
B0GVM58Y2Y,,,585.,00,5.0 out of 5 stars,
B0FH9ST5MC,,,740.,43,4.4 out of 5 stars,
B0FH9ST5MC,,,,,,
B0DZHQHDWR,,,,,3.9 out of 5 stars,
B0D9BC74WH,,,357.,37,4.3 out of 5 stars,
B0D9BC74WH,,,,,,
B0CF7GYNW2,,,2846.,30,4.3 out of 5 stars,
B0CF7GYNW2,,,,,,
B0B844T634,,,,,3.6 out of 5 stars,
B0GPVFKD7G,,,974.,89,4.7 out of 5 stars,
B0GPVFKD7G,,,,,,
B0D2XRXNGY,,,975.,21,4.5 out of 5 stars,
B0D2XRXNGY,,,,,,
B0C1BTXM9W,,,552.,48,4.3 out of 5 stars,
B0C1BTXM9W,,,,,,
B0CRT6HQ82,,,2601.,11,4.2 out of 5 stars,
B0CRT6HQ82,,,,,,
B0CX1NWR6D,,,877.,34,4.4 out of 5 stars,
B0CX1NWR6D,,,,,,
B0FHWGB7FW,,,715.,07,4.5 out of 5 stars,
B0FHWGB7FW,,,,,,
B0GVM58Y2Y,,,585.,00,5.0 out of 5 stars,
B0CX1NWR6D,,,877.,34,4.4 out of 5 stars,
B0CX1NWR6D,,,,,,
B095T14D4S,,,2601.,11,4.3 out of 5 stars,
B095T14D4S,,,,,,
B0C1LCYRJ9,,,3901.,83,4.1 out of 5 stars,
B0C1LCYRJ9,,,,,,
B0GQYVSTH9,,,715.,07,4.8 out of 5 stars,
B0GQYVSTH9,,,,,,
